id,left,top,right,bottom,row_index,col_index,Slope_Degree_Sample1
1,0,0,250,250,0,0,
2,0,-250,250,0,1,0,
3,0,-500,250,-250,2,0,
4,0,-750,250,-500,3,0,
5,0,-1000,250,-750,4,0,
6,0,-1250,250,-1000,5,0,
7,0,-1500,250,-1250,6,0,
8,0,-1750,250,-1500,7,0,
9,0,-2000,250,-1750,8,0,
10,0,-2250,250,-2000,9,0,
11,0,-2500,250,-2250,10,0,
12,0,-2750,250,-2500,11,0,
13,0,-3000,250,-2750,12,0,
14,0,-3250,250,-3000,13,0,
15,0,-3500,250,-3250,14,0,
16,0,-3750,250,-3500,15,0,
17,0,-4000,250,-3750,16,0,
18,0,-4250,250,-4000,17,0,
19,0,-4500,250,-4250,18,0,
20,0,-4750,250,-4500,19,0,
21,0,-5000,250,-4750,20,0,
22,0,-5250,250,-5000,21,0,
23,0,-5500,250,-5250,22,0,
24,0,-5750,250,-5500,23,0,
25,0,-6000,250,-5750,24,0,
26,0,-6250,250,-6000,25,0,
27,0,-6500,250,-6250,26,0,
28,0,-6750,250,-6500,27,0,
29,0,-7000,250,-6750,28,0,
30,0,-7250,250,-7000,29,0,
31,0,-7500,250,-7250,30,0,
32,0,-7750,250,-7500,31,0,
33,0,-8000,250,-7750,32,0,
34,0,-8250,250,-8000,33,0,
35,0,-8500,250,-8250,34,0,
36,0,-8750,250,-8500,35,0,
37,0,-9000,250,-8750,36,0,
38,0,-9250,250,-9000,37,0,
39,0,-9500,250,-9250,38,0,
40,0,-9750,250,-9500,39,0,
41,0,-10000,250,-9750,40,0,
42,0,-10250,250,-10000,41,0,
43,250,0,500,250,0,1,
44,250,-250,500,0,1,1,
45,250,-500,500,-250,2,1,
46,250,-750,500,-500,3,1,
47,250,-1000,500,-750,4,1,
48,250,-1250,500,-1000,5,1,
49,250,-1500,500,-1250,6,1,
50,250,-1750,500,-1500,7,1,
51,250,-2000,500,-1750,8,1,
52,250,-2250,500,-2000,9,1,0.387434720993042
53,250,-2500,500,-2250,10,1,
54,250,-2750,500,-2500,11,1,
55,250,-3000,500,-2750,12,1,
56,250,-3250,500,-3000,13,1,
57,250,-3500,500,-3250,14,1,
58,250,-3750,500,-3500,15,1,
59,250,-4000,500,-3750,16,1,
60,250,-4250,500,-4000,17,1,
61,250,-4500,500,-4250,18,1,
62,250,-4750,500,-4500,19,1,
63,250,-5000,500,-4750,20,1,
64,250,-5250,500,-5000,21,1,
65,250,-5500,500,-5250,22,1,
66,250,-5750,500,-5500,23,1,
67,250,-6000,500,-5750,24,1,
68,250,-6250,500,-6000,25,1,
69,250,-6500,500,-6250,26,1,
70,250,-6750,500,-6500,27,1,
71,250,-7000,500,-6750,28,1,
72,250,-7250,500,-7000,29,1,
73,250,-7500,500,-7250,30,1,
74,250,-7750,500,-7500,31,1,
75,250,-8000,500,-7750,32,1,
76,250,-8250,500,-8000,33,1,
77,250,-8500,500,-8250,34,1,
78,250,-8750,500,-8500,35,1,
79,250,-9000,500,-8750,36,1,
80,250,-9250,500,-9000,37,1,
81,250,-9500,500,-9250,38,1,
82,250,-9750,500,-9500,39,1,
83,250,-10000,500,-9750,40,1,
84,250,-10250,500,-10000,41,1,
85,500,0,750,250,0,2,
86,500,-250,750,0,1,2,
87,500,-500,750,-250,2,2,
88,500,-750,750,-500,3,2,
89,500,-1000,750,-750,4,2,
90,500,-1250,750,-1000,5,2,
91,500,-1500,750,-1250,6,2,
92,500,-1750,750,-1500,7,2,
93,500,-2000,750,-1750,8,2,
94,500,-2250,750,-2000,9,2,10.3129930496216
95,500,-2500,750,-2250,10,2,2.06944751739502
96,500,-2750,750,-2500,11,2,1.8041023015976
97,500,-3000,750,-2750,12,2,
98,500,-3250,750,-3000,13,2,5.24966335296631
99,500,-3500,750,-3250,14,2,1.63626372814178
100,500,-3750,750,-3500,15,2,
101,500,-4000,750,-3750,16,2,
102,500,-4250,750,-4000,17,2,
103,500,-4500,750,-4250,18,2,
104,500,-4750,750,-4500,19,2,
105,500,-5000,750,-4750,20,2,
106,500,-5250,750,-5000,21,2,
107,500,-5500,750,-5250,22,2,
108,500,-5750,750,-5500,23,2,
109,500,-6000,750,-5750,24,2,
110,500,-6250,750,-6000,25,2,
111,500,-6500,750,-6250,26,2,
112,500,-6750,750,-6500,27,2,
113,500,-7000,750,-6750,28,2,
114,500,-7250,750,-7000,29,2,
115,500,-7500,750,-7250,30,2,
116,500,-7750,750,-7500,31,2,
117,500,-8000,750,-7750,32,2,
118,500,-8250,750,-8000,33,2,
119,500,-8500,750,-8250,34,2,
120,500,-8750,750,-8500,35,2,
121,500,-9000,750,-8750,36,2,
122,500,-9250,750,-9000,37,2,
123,500,-9500,750,-9250,38,2,
124,500,-9750,750,-9500,39,2,
125,500,-10000,750,-9750,40,2,
126,500,-10250,750,-10000,41,2,
127,750,0,1000,250,0,3,
128,750,-250,1000,0,1,3,
129,750,-500,1000,-250,2,3,
130,750,-750,1000,-500,3,3,
131,750,-1000,1000,-750,4,3,
132,750,-1250,1000,-1000,5,3,
133,750,-1500,1000,-1250,6,3,
134,750,-1750,1000,-1500,7,3,
135,750,-2000,1000,-1750,8,3,
136,750,-2250,1000,-2000,9,3,
137,750,-2500,1000,-2250,10,3,
138,750,-2750,1000,-2500,11,3,2.93514132499695
139,750,-3000,1000,-2750,12,3,8.33448886871338
140,750,-3250,1000,-3000,13,3,16.5203437805176
141,750,-3500,1000,-3250,14,3,12.6806583404541
142,750,-3750,1000,-3500,15,3,
143,750,-4000,1000,-3750,16,3,
144,750,-4250,1000,-4000,17,3,
145,750,-4500,1000,-4250,18,3,
146,750,-4750,1000,-4500,19,3,
147,750,-5000,1000,-4750,20,3,
148,750,-5250,1000,-5000,21,3,
149,750,-5500,1000,-5250,22,3,
150,750,-5750,1000,-5500,23,3,
151,750,-6000,1000,-5750,24,3,
152,750,-6250,1000,-6000,25,3,
153,750,-6500,1000,-6250,26,3,
154,750,-6750,1000,-6500,27,3,
155,750,-7000,1000,-6750,28,3,
156,750,-7250,1000,-7000,29,3,
157,750,-7500,1000,-7250,30,3,
158,750,-7750,1000,-7500,31,3,
159,750,-8000,1000,-7750,32,3,
160,750,-8250,1000,-8000,33,3,
161,750,-8500,1000,-8250,34,3,
162,750,-8750,1000,-8500,35,3,
163,750,-9000,1000,-8750,36,3,
164,750,-9250,1000,-9000,37,3,
165,750,-9500,1000,-9250,38,3,
166,750,-9750,1000,-9500,39,3,
167,750,-10000,1000,-9750,40,3,
168,750,-10250,1000,-10000,41,3,
169,1000,0,1250,250,0,4,
170,1000,-250,1250,0,1,4,
171,1000,-500,1250,-250,2,4,
172,1000,-750,1250,-500,3,4,
173,1000,-1000,1250,-750,4,4,
174,1000,-1250,1250,-1000,5,4,
175,1000,-1500,1250,-1250,6,4,
176,1000,-1750,1250,-1500,7,4,
177,1000,-2000,1250,-1750,8,4,
178,1000,-2250,1250,-2000,9,4,
179,1000,-2500,1250,-2250,10,4,7.15851354598999
180,1000,-2750,1250,-2500,11,4,5.36032819747925
181,1000,-3000,1250,-2750,12,4,3.98473334312439
182,1000,-3250,1250,-3000,13,4,15.0400972366333
183,1000,-3500,1250,-3250,14,4,3.65450954437256
184,1000,-3750,1250,-3500,15,4,
185,1000,-4000,1250,-3750,16,4,
186,1000,-4250,1250,-4000,17,4,
187,1000,-4500,1250,-4250,18,4,
188,1000,-4750,1250,-4500,19,4,
189,1000,-5000,1250,-4750,20,4,
190,1000,-5250,1250,-5000,21,4,
191,1000,-5500,1250,-5250,22,4,
192,1000,-5750,1250,-5500,23,4,
193,1000,-6000,1250,-5750,24,4,
194,1000,-6250,1250,-6000,25,4,
195,1000,-6500,1250,-6250,26,4,
196,1000,-6750,1250,-6500,27,4,
197,1000,-7000,1250,-6750,28,4,
198,1000,-7250,1250,-7000,29,4,
199,1000,-7500,1250,-7250,30,4,
200,1000,-7750,1250,-7500,31,4,
201,1000,-8000,1250,-7750,32,4,
202,1000,-8250,1250,-8000,33,4,
203,1000,-8500,1250,-8250,34,4,
204,1000,-8750,1250,-8500,35,4,
205,1000,-9000,1250,-8750,36,4,
206,1000,-9250,1250,-9000,37,4,
207,1000,-9500,1250,-9250,38,4,
208,1000,-9750,1250,-9500,39,4,
209,1000,-10000,1250,-9750,40,4,
210,1000,-10250,1250,-10000,41,4,
211,1250,0,1500,250,0,5,
212,1250,-250,1500,0,1,5,
213,1250,-500,1500,-250,2,5,
214,1250,-750,1500,-500,3,5,
215,1250,-1000,1500,-750,4,5,
216,1250,-1250,1500,-1000,5,5,
217,1250,-1500,1500,-1250,6,5,
218,1250,-1750,1500,-1500,7,5,1.18346869945526
219,1250,-2000,1500,-1750,8,5,5.85224580764771
220,1250,-2250,1500,-2000,9,5,0
221,1250,-2500,1500,-2250,10,5,4.09365129470825
222,1250,-2750,1500,-2500,11,5,20.3087558746338
223,1250,-3000,1500,-2750,12,5,0.36724266409874
224,1250,-3250,1500,-3000,13,5,0.873893260955811
225,1250,-3500,1500,-3250,14,5,8.81799983978271
226,1250,-3750,1500,-3500,15,5,
227,1250,-4000,1500,-3750,16,5,
228,1250,-4250,1500,-4000,17,5,
229,1250,-4500,1500,-4250,18,5,
230,1250,-4750,1500,-4500,19,5,
231,1250,-5000,1500,-4750,20,5,
232,1250,-5250,1500,-5000,21,5,
233,1250,-5500,1500,-5250,22,5,
234,1250,-5750,1500,-5500,23,5,
235,1250,-6000,1500,-5750,24,5,
236,1250,-6250,1500,-6000,25,5,
237,1250,-6500,1500,-6250,26,5,
238,1250,-6750,1500,-6500,27,5,
239,1250,-7000,1500,-6750,28,5,
240,1250,-7250,1500,-7000,29,5,
241,1250,-7500,1500,-7250,30,5,
242,1250,-7750,1500,-7500,31,5,
243,1250,-8000,1500,-7750,32,5,
244,1250,-8250,1500,-8000,33,5,
245,1250,-8500,1500,-8250,34,5,
246,1250,-8750,1500,-8500,35,5,
247,1250,-9000,1500,-8750,36,5,
248,1250,-9250,1500,-9000,37,5,
249,1250,-9500,1500,-9250,38,5,
250,1250,-9750,1500,-9500,39,5,
251,1250,-10000,1500,-9750,40,5,
252,1250,-10250,1500,-10000,41,5,
253,1500,0,1750,250,0,6,
254,1500,-250,1750,0,1,6,
255,1500,-500,1750,-250,2,6,
256,1500,-750,1750,-500,3,6,
257,1500,-1000,1750,-750,4,6,2.16893029212952
258,1500,-1250,1750,-1000,5,6,9.05018615722656
259,1500,-1500,1750,-1250,6,6,1.76873970031738
260,1500,-1750,1750,-1500,7,6,1.05339694023132
261,1500,-2000,1750,-1750,8,6,8.33553123474121
262,1500,-2250,1750,-2000,9,6,13.5571575164795
263,1500,-2500,1750,-2250,10,6,1.85195398330688
264,1500,-2750,1750,-2500,11,6,17.8550357818604
265,1500,-3000,1750,-2750,12,6,1.15825510025024
266,1500,-3250,1750,-3000,13,6,2.07738614082336
267,1500,-3500,1750,-3250,14,6,24.501537322998
268,1500,-3750,1750,-3500,15,6,13.9494848251343
269,1500,-4000,1750,-3750,16,6,1.16605925559998
270,1500,-4250,1750,-4000,17,6,0.692677617073059
271,1500,-4500,1750,-4250,18,6,12.5430421829224
272,1500,-4750,1750,-4500,19,6,1.95429086685181
273,1500,-5000,1750,-4750,20,6,14.6055202484131
274,1500,-5250,1750,-5000,21,6,11.2937631607056
275,1500,-5500,1750,-5250,22,6,4.17211294174194
276,1500,-5750,1750,-5500,23,6,
277,1500,-6000,1750,-5750,24,6,
278,1500,-6250,1750,-6000,25,6,
279,1500,-6500,1750,-6250,26,6,
280,1500,-6750,1750,-6500,27,6,
281,1500,-7000,1750,-6750,28,6,
282,1500,-7250,1750,-7000,29,6,
283,1500,-7500,1750,-7250,30,6,
284,1500,-7750,1750,-7500,31,6,
285,1500,-8000,1750,-7750,32,6,
286,1500,-8250,1750,-8000,33,6,
287,1500,-8500,1750,-8250,34,6,
288,1500,-8750,1750,-8500,35,6,
289,1500,-9000,1750,-8750,36,6,
290,1500,-9250,1750,-9000,37,6,
291,1500,-9500,1750,-9250,38,6,
292,1500,-9750,1750,-9500,39,6,
293,1500,-10000,1750,-9750,40,6,
294,1500,-10250,1750,-10000,41,6,
295,1750,0,2000,250,0,7,
296,1750,-250,2000,0,1,7,
297,1750,-500,2000,-250,2,7,
298,1750,-750,2000,-500,3,7,
299,1750,-1000,2000,-750,4,7,12.2698411941528
300,1750,-1250,2000,-1000,5,7,35.0623893737793
301,1750,-1500,2000,-1250,6,7,4.4542932510376
302,1750,-1750,2000,-1500,7,7,2.23931670188904
303,1750,-2000,2000,-1750,8,7,2.52862405776978
304,1750,-2250,2000,-2000,9,7,2.65892577171326
305,1750,-2500,2000,-2250,10,7,1.53779911994934
306,1750,-2750,2000,-2500,11,7,1.69253194332123
307,1750,-3000,2000,-2750,12,7,2.55799436569214
308,1750,-3250,2000,-3000,13,7,4.09823846817017
309,1750,-3500,2000,-3250,14,7,2.90982937812805
310,1750,-3750,2000,-3500,15,7,9.94965362548828
311,1750,-4000,2000,-3750,16,7,1.79362237453461
312,1750,-4250,2000,-4000,17,7,2.65468955039978
313,1750,-4500,2000,-4250,18,7,4.32346200942993
314,1750,-4750,2000,-4500,19,7,1.03969514369965
315,1750,-5000,2000,-4750,20,7,2.49035048484802
316,1750,-5250,2000,-5000,21,7,2.09277033805847
317,1750,-5500,2000,-5250,22,7,1.06665468215942
318,1750,-5750,2000,-5500,23,7,
319,1750,-6000,2000,-5750,24,7,
320,1750,-6250,2000,-6000,25,7,
321,1750,-6500,2000,-6250,26,7,
322,1750,-6750,2000,-6500,27,7,
323,1750,-7000,2000,-6750,28,7,
324,1750,-7250,2000,-7000,29,7,
325,1750,-7500,2000,-7250,30,7,
326,1750,-7750,2000,-7500,31,7,
327,1750,-8000,2000,-7750,32,7,
328,1750,-8250,2000,-8000,33,7,
329,1750,-8500,2000,-8250,34,7,
330,1750,-8750,2000,-8500,35,7,
331,1750,-9000,2000,-8750,36,7,
332,1750,-9250,2000,-9000,37,7,
333,1750,-9500,2000,-9250,38,7,
334,1750,-9750,2000,-9500,39,7,
335,1750,-10000,2000,-9750,40,7,
336,1750,-10250,2000,-10000,41,7,
337,2000,0,2250,250,0,8,
338,2000,-250,2250,0,1,8,
339,2000,-500,2250,-250,2,8,5.41242742538452
340,2000,-750,2250,-500,3,8,8.56326961517334
341,2000,-1000,2250,-750,4,8,3.41394972801208
342,2000,-1250,2250,-1000,5,8,0.396502137184143
343,2000,-1500,2250,-1250,6,8,2.40256452560425
344,2000,-1750,2250,-1500,7,8,0.911456644535065
345,2000,-2000,2250,-1750,8,8,7.4268479347229
346,2000,-2250,2250,-2000,9,8,1.61637854576111
347,2000,-2500,2250,-2250,10,8,2.3545503616333
348,2000,-2750,2250,-2500,11,8,3.05643677711487
349,2000,-3000,2250,-2750,12,8,18.3764724731445
350,2000,-3250,2250,-3000,13,8,3.3553102016449
351,2000,-3500,2250,-3250,14,8,1.09690856933594
352,2000,-3750,2250,-3500,15,8,3.46685242652893
353,2000,-4000,2250,-3750,16,8,4.51316976547241
354,2000,-4250,2250,-4000,17,8,4.26175689697266
355,2000,-4500,2250,-4250,18,8,1.59924209117889
356,2000,-4750,2250,-4500,19,8,3.62167716026306
357,2000,-5000,2250,-4750,20,8,9.17011833190918
358,2000,-5250,2250,-5000,21,8,3.7678759098053
359,2000,-5500,2250,-5250,22,8,5.63202953338623
360,2000,-5750,2250,-5500,23,8,
361,2000,-6000,2250,-5750,24,8,
362,2000,-6250,2250,-6000,25,8,
363,2000,-6500,2250,-6250,26,8,
364,2000,-6750,2250,-6500,27,8,
365,2000,-7000,2250,-6750,28,8,
366,2000,-7250,2250,-7000,29,8,
367,2000,-7500,2250,-7250,30,8,
368,2000,-7750,2250,-7500,31,8,
369,2000,-8000,2250,-7750,32,8,
370,2000,-8250,2250,-8000,33,8,2.84931421279907
371,2000,-8500,2250,-8250,34,8,2.90957379341125
372,2000,-8750,2250,-8500,35,8,4.43753433227539
373,2000,-9000,2250,-8750,36,8,
374,2000,-9250,2250,-9000,37,8,
375,2000,-9500,2250,-9250,38,8,
376,2000,-9750,2250,-9500,39,8,
377,2000,-10000,2250,-9750,40,8,
378,2000,-10250,2250,-10000,41,8,
379,2250,0,2500,250,0,9,
380,2250,-250,2500,0,1,9,
381,2250,-500,2500,-250,2,9,2.6537880897522
382,2250,-750,2500,-500,3,9,1.77912950515747
383,2250,-1000,2500,-750,4,9,6.69378614425659
384,2250,-1250,2500,-1000,5,9,24.1870784759521
385,2250,-1500,2500,-1250,6,9,1.72954249382019
386,2250,-1750,2500,-1500,7,9,27.4211616516113
387,2250,-2000,2500,-1750,8,9,0.531000077724457
388,2250,-2250,2500,-2000,9,9,2.43757200241089
389,2250,-2500,2500,-2250,10,9,4.86588573455811
390,2250,-2750,2500,-2500,11,9,0.853491902351379
391,2250,-3000,2500,-2750,12,9,1.43804788589478
392,2250,-3250,2500,-3000,13,9,0.0657153353095055
393,2250,-3500,2500,-3250,14,9,0.222966253757477
394,2250,-3750,2500,-3500,15,9,3.16007924079895
395,2250,-4000,2500,-3750,16,9,12.9622755050659
396,2250,-4250,2500,-4000,17,9,0.541902482509613
397,2250,-4500,2500,-4250,18,9,3.06287145614624
398,2250,-4750,2500,-4500,19,9,6.98182201385498
399,2250,-5000,2500,-4750,20,9,2.30428695678711
400,2250,-5250,2500,-5000,21,9,2.49915885925293
401,2250,-5500,2500,-5250,22,9,0.0860383734107018
402,2250,-5750,2500,-5500,23,9,
403,2250,-6000,2500,-5750,24,9,
404,2250,-6250,2500,-6000,25,9,
405,2250,-6500,2500,-6250,26,9,
406,2250,-6750,2500,-6500,27,9,
407,2250,-7000,2500,-6750,28,9,
408,2250,-7250,2500,-7000,29,9,
409,2250,-7500,2500,-7250,30,9,
410,2250,-7750,2500,-7500,31,9,
411,2250,-8000,2500,-7750,32,9,
412,2250,-8250,2500,-8000,33,9,2.08116316795349
413,2250,-8500,2500,-8250,34,9,0.612815916538239
414,2250,-8750,2500,-8500,35,9,4.94874477386475
415,2250,-9000,2500,-8750,36,9,
416,2250,-9250,2500,-9000,37,9,
417,2250,-9500,2500,-9250,38,9,
418,2250,-9750,2500,-9500,39,9,
419,2250,-10000,2500,-9750,40,9,
420,2250,-10250,2500,-10000,41,9,
421,2500,0,2750,250,0,10,
422,2500,-250,2750,0,1,10,
423,2500,-500,2750,-250,2,10,3.07973456382751
424,2500,-750,2750,-500,3,10,2.53551077842712
425,2500,-1000,2750,-750,4,10,2.46423077583313
426,2500,-1250,2750,-1000,5,10,7.72580432891846
427,2500,-1500,2750,-1250,6,10,2.57335734367371
428,2500,-1750,2750,-1500,7,10,1.81873023509979
429,2500,-2000,2750,-1750,8,10,4.03559970855713
430,2500,-2250,2750,-2000,9,10,3.98826599121094
431,2500,-2500,2750,-2250,10,10,2.9484658241272
432,2500,-2750,2750,-2500,11,10,4.94830465316772
433,2500,-3000,2750,-2750,12,10,4.70869922637939
434,2500,-3250,2750,-3000,13,10,15.4874658584595
435,2500,-3500,2750,-3250,14,10,0.0271585341542959
436,2500,-3750,2750,-3500,15,10,0.290961384773254
437,2500,-4000,2750,-3750,16,10,15.0307703018188
438,2500,-4250,2750,-4000,17,10,5.70276784896851
439,2500,-4500,2750,-4250,18,10,1.27122437953949
440,2500,-4750,2750,-4500,19,10,5.37860631942749
441,2500,-5000,2750,-4750,20,10,4.69771957397461
442,2500,-5250,2750,-5000,21,10,7.94334840774536
443,2500,-5500,2750,-5250,22,10,10.5498113632202
444,2500,-5750,2750,-5500,23,10,2.36311364173889
445,2500,-6000,2750,-5750,24,10,
446,2500,-6250,2750,-6000,25,10,
447,2500,-6500,2750,-6250,26,10,
448,2500,-6750,2750,-6500,27,10,
449,2500,-7000,2750,-6750,28,10,
450,2500,-7250,2750,-7000,29,10,
451,2500,-7500,2750,-7250,30,10,
452,2500,-7750,2750,-7500,31,10,
453,2500,-8000,2750,-7750,32,10,
454,2500,-8250,2750,-8000,33,10,4.384690284729
455,2500,-8500,2750,-8250,34,10,2.33558392524719
456,2500,-8750,2750,-8500,35,10,1.31414306163788
457,2500,-9000,2750,-8750,36,10,
458,2500,-9250,2750,-9000,37,10,
459,2500,-9500,2750,-9250,38,10,
460,2500,-9750,2750,-9500,39,10,
461,2500,-10000,2750,-9750,40,10,
462,2500,-10250,2750,-10000,41,10,
463,2750,0,3000,250,0,11,
464,2750,-250,3000,0,1,11,
465,2750,-500,3000,-250,2,11,1.66713106632233
466,2750,-750,3000,-500,3,11,1.91842520236969
467,2750,-1000,3000,-750,4,11,5.74881982803345
468,2750,-1250,3000,-1000,5,11,1.2079701423645
469,2750,-1500,3000,-1250,6,11,1.11528599262238
470,2750,-1750,3000,-1500,7,11,4.49982166290283
471,2750,-2000,3000,-1750,8,11,2.33677315711975
472,2750,-2250,3000,-2000,9,11,1.10105097293854
473,2750,-2500,3000,-2250,10,11,3.81943678855896
474,2750,-2750,3000,-2500,11,11,0.914600312709808
475,2750,-3000,3000,-2750,12,11,2.03246021270752
476,2750,-3250,3000,-3000,13,11,0.748025834560394
477,2750,-3500,3000,-3250,14,11,0.506348848342896
478,2750,-3750,3000,-3500,15,11,3.58245420455933
479,2750,-4000,3000,-3750,16,11,2.67103242874146
480,2750,-4250,3000,-4000,17,11,3.96972107887268
481,2750,-4500,3000,-4250,18,11,0.451192766427994
482,2750,-4750,3000,-4500,19,11,4.12164068222046
483,2750,-5000,3000,-4750,20,11,2.25259256362915
484,2750,-5250,3000,-5000,21,11,3.19035911560059
485,2750,-5500,3000,-5250,22,11,5.42897844314575
486,2750,-5750,3000,-5500,23,11,2.23679804801941
487,2750,-6000,3000,-5750,24,11,21.9782581329346
488,2750,-6250,3000,-6000,25,11,5.20591735839844
489,2750,-6500,3000,-6250,26,11,1.63029170036316
490,2750,-6750,3000,-6500,27,11,
491,2750,-7000,3000,-6750,28,11,
492,2750,-7250,3000,-7000,29,11,
493,2750,-7500,3000,-7250,30,11,
494,2750,-7750,3000,-7500,31,11,
495,2750,-8000,3000,-7750,32,11,
496,2750,-8250,3000,-8000,33,11,2.70941853523254
497,2750,-8500,3000,-8250,34,11,1.82870900630951
498,2750,-8750,3000,-8500,35,11,1.56271588802338
499,2750,-9000,3000,-8750,36,11,
500,2750,-9250,3000,-9000,37,11,
501,2750,-9500,3000,-9250,38,11,
502,2750,-9750,3000,-9500,39,11,
503,2750,-10000,3000,-9750,40,11,
504,2750,-10250,3000,-10000,41,11,
505,3000,0,3250,250,0,12,
506,3000,-250,3250,0,1,12,
507,3000,-500,3250,-250,2,12,2.34596514701843
508,3000,-750,3250,-500,3,12,3.21563792228699
509,3000,-1000,3250,-750,4,12,2.99099111557007
510,3000,-1250,3250,-1000,5,12,3.08106398582458
511,3000,-1500,3250,-1250,6,12,9.76928329467773
512,3000,-1750,3250,-1500,7,12,4.92420053482056
513,3000,-2000,3250,-1750,8,12,2.34986925125122
514,3000,-2250,3250,-2000,9,12,1.96359467506409
515,3000,-2500,3250,-2250,10,12,8.2537317276001
516,3000,-2750,3250,-2500,11,12,3.49212408065796
517,3000,-3000,3250,-2750,12,12,6.97495126724243
518,3000,-3250,3250,-3000,13,12,0.908654093742371
519,3000,-3500,3250,-3250,14,12,7.99381351470947
520,3000,-3750,3250,-3500,15,12,0.427613615989685
521,3000,-4000,3250,-3750,16,12,4.69543886184692
522,3000,-4250,3250,-4000,17,12,7.42359161376953
523,3000,-4500,3250,-4250,18,12,2.58528518676758
524,3000,-4750,3250,-4500,19,12,0.797872722148895
525,3000,-5000,3250,-4750,20,12,2.00605773925781
526,3000,-5250,3250,-5000,21,12,3.22158122062683
527,3000,-5500,3250,-5250,22,12,2.03400897979736
528,3000,-5750,3250,-5500,23,12,
529,3000,-6000,3250,-5750,24,12,
530,3000,-6250,3250,-6000,25,12,0.203319624066353
531,3000,-6500,3250,-6250,26,12,
532,3000,-6750,3250,-6500,27,12,
533,3000,-7000,3250,-6750,28,12,3.05542469024658
534,3000,-7250,3250,-7000,29,12,
535,3000,-7500,3250,-7250,30,12,
536,3000,-7750,3250,-7500,31,12,
537,3000,-8000,3250,-7750,32,12,
538,3000,-8250,3250,-8000,33,12,1.4273784160614
539,3000,-8500,3250,-8250,34,12,5.18592309951782
540,3000,-8750,3250,-8500,35,12,3.51973485946655
541,3000,-9000,3250,-8750,36,12,
542,3000,-9250,3250,-9000,37,12,
543,3000,-9500,3250,-9250,38,12,
544,3000,-9750,3250,-9500,39,12,
545,3000,-10000,3250,-9750,40,12,
546,3000,-10250,3250,-10000,41,12,
547,3250,0,3500,250,0,13,
548,3250,-250,3500,0,1,13,
549,3250,-500,3500,-250,2,13,1.48268353939056
550,3250,-750,3500,-500,3,13,3.78820466995239
551,3250,-1000,3500,-750,4,13,0.945365369319916
552,3250,-1250,3500,-1000,5,13,2.1911928653717
553,3250,-1500,3500,-1250,6,13,0.932152569293976
554,3250,-1750,3500,-1500,7,13,15.8176431655884
555,3250,-2000,3500,-1750,8,13,1.48468196392059
556,3250,-2250,3500,-2000,9,13,1.30170595645905
557,3250,-2500,3500,-2250,10,13,0.491332620382309
558,3250,-2750,3500,-2500,11,13,7.64698266983032
559,3250,-3000,3500,-2750,12,13,0.251434862613678
560,3250,-3250,3500,-3000,13,13,1.8040726184845
561,3250,-3500,3500,-3250,14,13,1.11711239814758
562,3250,-3750,3500,-3500,15,13,13.0693225860596
563,3250,-4000,3500,-3750,16,13,0.625978171825409
564,3250,-4250,3500,-4000,17,13,2.74829244613647
565,3250,-4500,3500,-4250,18,13,18.7808532714844
566,3250,-4750,3500,-4500,19,13,20.4463062286377
567,3250,-5000,3500,-4750,20,13,0.823147714138031
568,3250,-5250,3500,-5000,21,13,0.580641627311707
569,3250,-5500,3500,-5250,22,13,4.75932931900024
570,3250,-5750,3500,-5500,23,13,2.21163058280945
571,3250,-6000,3500,-5750,24,13,0.82933109998703
572,3250,-6250,3500,-6000,25,13,0.211032912135124
573,3250,-6500,3500,-6250,26,13,18.6907138824463
574,3250,-6750,3500,-6500,27,13,3.88500356674194
575,3250,-7000,3500,-6750,28,13,4.17659282684326
576,3250,-7250,3500,-7000,29,13,2.45984125137329
577,3250,-7500,3500,-7250,30,13,0.398815214633942
578,3250,-7750,3500,-7500,31,13,3.48898148536682
579,3250,-8000,3500,-7750,32,13,10.4213533401489
580,3250,-8250,3500,-8000,33,13,1.21122062206268
581,3250,-8500,3500,-8250,34,13,13.6818761825562
582,3250,-8750,3500,-8500,35,13,1.73449683189392
583,3250,-9000,3500,-8750,36,13,0.348875313997269
584,3250,-9250,3500,-9000,37,13,
585,3250,-9500,3500,-9250,38,13,
586,3250,-9750,3500,-9500,39,13,
587,3250,-10000,3500,-9750,40,13,
588,3250,-10250,3500,-10000,41,13,
589,3500,0,3750,250,0,14,
590,3500,-250,3750,0,1,14,4.64935779571533
591,3500,-500,3750,-250,2,14,0.948799312114716
592,3500,-750,3750,-500,3,14,1.15040135383606
593,3500,-1000,3750,-750,4,14,2.86886954307556
594,3500,-1250,3750,-1000,5,14,2.71589851379395
595,3500,-1500,3750,-1250,6,14,5.21491384506226
596,3500,-1750,3750,-1500,7,14,0.665489017963409
597,3500,-2000,3750,-1750,8,14,2.56254005432129
598,3500,-2250,3750,-2000,9,14,5.33229160308838
599,3500,-2500,3750,-2250,10,14,1.94276940822601
600,3500,-2750,3750,-2500,11,14,0.710551917552948
601,3500,-3000,3750,-2750,12,14,2.24095392227173
602,3500,-3250,3750,-3000,13,14,4.95116376876831
603,3500,-3500,3750,-3250,14,14,0.696228384971619
604,3500,-3750,3750,-3500,15,14,2.8533775806427
605,3500,-4000,3750,-3750,16,14,1.78461897373199
606,3500,-4250,3750,-4000,17,14,3.49326968193054
607,3500,-4500,3750,-4250,18,14,1.81215715408325
608,3500,-4750,3750,-4500,19,14,3.88686513900757
609,3500,-5000,3750,-4750,20,14,2.18048000335693
610,3500,-5250,3750,-5000,21,14,1.69260597229004
611,3500,-5500,3750,-5250,22,14,0.446855425834656
612,3500,-5750,3750,-5500,23,14,7.70735788345337
613,3500,-6000,3750,-5750,24,14,0.889532864093781
614,3500,-6250,3750,-6000,25,14,2.70382690429688
615,3500,-6500,3750,-6250,26,14,0
616,3500,-6750,3750,-6500,27,14,0.662647724151611
617,3500,-7000,3750,-6750,28,14,2.91569113731384
618,3500,-7250,3750,-7000,29,14,1.98851919174194
619,3500,-7500,3750,-7250,30,14,4.15264892578125
620,3500,-7750,3750,-7500,31,14,5.8060736656189
621,3500,-8000,3750,-7750,32,14,4.26027345657349
622,3500,-8250,3750,-8000,33,14,4.39137887954712
623,3500,-8500,3750,-8250,34,14,0.995583713054657
624,3500,-8750,3750,-8500,35,14,1.73748660087585
625,3500,-9000,3750,-8750,36,14,3.29052066802979
626,3500,-9250,3750,-9000,37,14,
627,3500,-9500,3750,-9250,38,14,
628,3500,-9750,3750,-9500,39,14,
629,3500,-10000,3750,-9750,40,14,
630,3500,-10250,3750,-10000,41,14,
631,3750,0,4000,250,0,15,
632,3750,-250,4000,0,1,15,1.96585953235626
633,3750,-500,4000,-250,2,15,1.59100258350372
634,3750,-750,4000,-500,3,15,0.984001874923706
635,3750,-1000,4000,-750,4,15,8.63906574249268
636,3750,-1250,4000,-1000,5,15,0.707238137722015
637,3750,-1500,4000,-1250,6,15,9.4431848526001
638,3750,-1750,4000,-1500,7,15,2.9096508026123
639,3750,-2000,4000,-1750,8,15,14.9745311737061
640,3750,-2250,4000,-2000,9,15,3.66937327384949
641,3750,-2500,4000,-2250,10,15,9.86194801330566
642,3750,-2750,4000,-2500,11,15,4.5266547203064
643,3750,-3000,4000,-2750,12,15,1.92567420005798
644,3750,-3250,4000,-3000,13,15,13.0944013595581
645,3750,-3500,4000,-3250,14,15,3.62834310531616
646,3750,-3750,4000,-3500,15,15,14.8974752426147
647,3750,-4000,4000,-3750,16,15,1.20093584060669
648,3750,-4250,4000,-4000,17,15,1.11319518089294
649,3750,-4500,4000,-4250,18,15,0.906942307949066
650,3750,-4750,4000,-4500,19,15,4.29917573928833
651,3750,-5000,4000,-4750,20,15,1.33883261680603
652,3750,-5250,4000,-5000,21,15,1.93420040607452
653,3750,-5500,4000,-5250,22,15,1.74022603034973
654,3750,-5750,4000,-5500,23,15,6.59259748458862
655,3750,-6000,4000,-5750,24,15,2.29417991638184
656,3750,-6250,4000,-6000,25,15,19.0420684814453
657,3750,-6500,4000,-6250,26,15,0
658,3750,-6750,4000,-6500,27,15,3.43683481216431
659,3750,-7000,4000,-6750,28,15,0.40713095664978
660,3750,-7250,4000,-7000,29,15,1.76493811607361
661,3750,-7500,4000,-7250,30,15,0.122795812785625
662,3750,-7750,4000,-7500,31,15,2.26098656654358
663,3750,-8000,4000,-7750,32,15,3.94893980026245
664,3750,-8250,4000,-8000,33,15,4.94060039520264
665,3750,-8500,4000,-8250,34,15,1.30108523368835
666,3750,-8750,4000,-8500,35,15,6.47520351409912
667,3750,-9000,4000,-8750,36,15,
668,3750,-9250,4000,-9000,37,15,
669,3750,-9500,4000,-9250,38,15,
670,3750,-9750,4000,-9500,39,15,
671,3750,-10000,4000,-9750,40,15,
672,3750,-10250,4000,-10000,41,15,
673,4000,0,4250,250,0,16,
674,4000,-250,4250,0,1,16,1.95558345317841
675,4000,-500,4250,-250,2,16,1.22885119915009
676,4000,-750,4250,-500,3,16,3.31293630599976
677,4000,-1000,4250,-750,4,16,1.36374771595001
678,4000,-1250,4250,-1000,5,16,1.7576550245285
679,4000,-1500,4250,-1250,6,16,3.84991049766541
680,4000,-1750,4250,-1500,7,16,20.0702590942383
681,4000,-2000,4250,-1750,8,16,19.9920959472656
682,4000,-2250,4250,-2000,9,16,4.67720651626587
683,4000,-2500,4250,-2250,10,16,3.82593512535095
684,4000,-2750,4250,-2500,11,16,10.3067617416382
685,4000,-3000,4250,-2750,12,16,0.702001214027405
686,4000,-3250,4250,-3000,13,16,11.3140163421631
687,4000,-3500,4250,-3250,14,16,2.912593126297
688,4000,-3750,4250,-3500,15,16,9.16911220550537
689,4000,-4000,4250,-3750,16,16,1.95245909690857
690,4000,-4250,4250,-4000,17,16,13.6671380996704
691,4000,-4500,4250,-4250,18,16,0.309071958065033
692,4000,-4750,4250,-4500,19,16,0.483120977878571
693,4000,-5000,4250,-4750,20,16,0.686942160129547
694,4000,-5250,4250,-5000,21,16,1.47750949859619
695,4000,-5500,4250,-5250,22,16,12.2171363830566
696,4000,-5750,4250,-5500,23,16,38.1165924072266
697,4000,-6000,4250,-5750,24,16,2.45054173469543
698,4000,-6250,4250,-6000,25,16,4.45815992355347
699,4000,-6500,4250,-6250,26,16,3.52844929695129
700,4000,-6750,4250,-6500,27,16,2.21687126159668
701,4000,-7000,4250,-6750,28,16,1.74839746952057
702,4000,-7250,4250,-7000,29,16,1.14592933654785
703,4000,-7500,4250,-7250,30,16,2.07161092758179
704,4000,-7750,4250,-7500,31,16,1.90938806533813
705,4000,-8000,4250,-7750,32,16,0.780548274517059
706,4000,-8250,4250,-8000,33,16,1.65138339996338
707,4000,-8500,4250,-8250,34,16,5.75603199005127
708,4000,-8750,4250,-8500,35,16,2.69976997375488
709,4000,-9000,4250,-8750,36,16,2.66324734687805
710,4000,-9250,4250,-9000,37,16,4.63911533355713
711,4000,-9500,4250,-9250,38,16,0.182635873556137
712,4000,-9750,4250,-9500,39,16,
713,4000,-10000,4250,-9750,40,16,
714,4000,-10250,4250,-10000,41,16,
715,4250,0,4500,250,0,17,
716,4250,-250,4500,0,1,17,1.15597677230835
717,4250,-500,4500,-250,2,17,1.97009682655334
718,4250,-750,4500,-500,3,17,1.28670012950897
719,4250,-1000,4500,-750,4,17,0.970445394515991
720,4250,-1250,4500,-1000,5,17,2.67980074882507
721,4250,-1500,4500,-1250,6,17,0.985240519046783
722,4250,-1750,4500,-1500,7,17,6.15445566177368
723,4250,-2000,4500,-1750,8,17,5.93080806732178
724,4250,-2250,4500,-2000,9,17,1.66583979129791
725,4250,-2500,4500,-2250,10,17,4.82529449462891
726,4250,-2750,4500,-2500,11,17,9.4203052520752
727,4250,-3000,4500,-2750,12,17,6.67137289047241
728,4250,-3250,4500,-3000,13,17,16.1135654449463
729,4250,-3500,4500,-3250,14,17,3.23361849784851
730,4250,-3750,4500,-3500,15,17,0.933708906173706
731,4250,-4000,4500,-3750,16,17,0.69679868221283
732,4250,-4250,4500,-4000,17,17,2.52870917320251
733,4250,-4500,4500,-4250,18,17,0.486920088529587
734,4250,-4750,4500,-4500,19,17,0.391665250062943
735,4250,-5000,4500,-4750,20,17,2.87606620788574
736,4250,-5250,4500,-5000,21,17,2.23032164573669
737,4250,-5500,4500,-5250,22,17,2.17951059341431
738,4250,-5750,4500,-5500,23,17,0.509317696094513
739,4250,-6000,4500,-5750,24,17,2.30358791351318
740,4250,-6250,4500,-6000,25,17,5.46000528335571
741,4250,-6500,4500,-6250,26,17,3.2126886844635
742,4250,-6750,4500,-6500,27,17,0.468244791030884
743,4250,-7000,4500,-6750,28,17,1.1159839630127
744,4250,-7250,4500,-7000,29,17,1.29155921936035
745,4250,-7500,4500,-7250,30,17,8.54943561553955
746,4250,-7750,4500,-7500,31,17,2.5389609336853
747,4250,-8000,4500,-7750,32,17,2.5986053943634
748,4250,-8250,4500,-8000,33,17,1.72703576087952
749,4250,-8500,4500,-8250,34,17,2.22690224647522
750,4250,-8750,4500,-8500,35,17,4.53483724594116
751,4250,-9000,4500,-8750,36,17,6.85658550262451
752,4250,-9250,4500,-9000,37,17,1.34500789642334
753,4250,-9500,4500,-9250,38,17,0.49614006280899
754,4250,-9750,4500,-9500,39,17,3.70089602470398
755,4250,-10000,4500,-9750,40,17,
756,4250,-10250,4500,-10000,41,17,
757,4500,0,4750,250,0,18,
758,4500,-250,4750,0,1,18,2.040043592453
759,4500,-500,4750,-250,2,18,3.75370359420776
760,4500,-750,4750,-500,3,18,2.3869845867157
761,4500,-1000,4750,-750,4,18,5.07844495773315
762,4500,-1250,4750,-1000,5,18,8.90539646148682
763,4500,-1500,4750,-1250,6,18,7.02735233306885
764,4500,-1750,4750,-1500,7,18,2.23819780349731
765,4500,-2000,4750,-1750,8,18,1.8179224729538
766,4500,-2250,4750,-2000,9,18,1.09704387187958
767,4500,-2500,4750,-2250,10,18,7.33410406112671
768,4500,-2750,4750,-2500,11,18,0.252242922782898
769,4500,-3000,4750,-2750,12,18,4.40343332290649
770,4500,-3250,4750,-3000,13,18,3.04548263549805
771,4500,-3500,4750,-3250,14,18,3.25373578071594
772,4500,-3750,4750,-3500,15,18,0.253893464803696
773,4500,-4000,4750,-3750,16,18,1.37208878993988
774,4500,-4250,4750,-4000,17,18,0.373748540878296
775,4500,-4500,4750,-4250,18,18,0.747732043266296
776,4500,-4750,4750,-4500,19,18,0.623553514480591
777,4500,-5000,4750,-4750,20,18,2.18729305267334
778,4500,-5250,4750,-5000,21,18,2.1778244972229
779,4500,-5500,4750,-5250,22,18,0.647478580474854
780,4500,-5750,4750,-5500,23,18,0.990866482257843
781,4500,-6000,4750,-5750,24,18,0.911678373813629
782,4500,-6250,4750,-6000,25,18,0.789589464664459
783,4500,-6500,4750,-6250,26,18,1.0281172990799
784,4500,-6750,4750,-6500,27,18,2.03987812995911
785,4500,-7000,4750,-6750,28,18,1.1337810754776
786,4500,-7250,4750,-7000,29,18,0.823216438293457
787,4500,-7500,4750,-7250,30,18,4.90275907516479
788,4500,-7750,4750,-7500,31,18,0.942873775959015
789,4500,-8000,4750,-7750,32,18,1.48004615306854
790,4500,-8250,4750,-8000,33,18,1.85057818889618
791,4500,-8500,4750,-8250,34,18,3.16661930084229
792,4500,-8750,4750,-8500,35,18,3.43372750282288
793,4500,-9000,4750,-8750,36,18,0
794,4500,-9250,4750,-9000,37,18,5.02036094665527
795,4500,-9500,4750,-9250,38,18,5.73690271377563
796,4500,-9750,4750,-9500,39,18,2.17523884773254
797,4500,-10000,4750,-9750,40,18,11.4784383773804
798,4500,-10250,4750,-10000,41,18,
799,4750,0,5000,250,0,19,
800,4750,-250,5000,0,1,19,1.12241303920746
801,4750,-500,5000,-250,2,19,3.13868975639343
802,4750,-750,5000,-500,3,19,10.0651559829712
803,4750,-1000,5000,-750,4,19,1.47443068027496
804,4750,-1250,5000,-1000,5,19,4.02893733978271
805,4750,-1500,5000,-1250,6,19,0.922839522361755
806,4750,-1750,5000,-1500,7,19,2.81102800369263
807,4750,-2000,5000,-1750,8,19,9.38427257537842
808,4750,-2250,5000,-2000,9,19,7.76121282577515
809,4750,-2500,5000,-2250,10,19,1.33900225162506
810,4750,-2750,5000,-2500,11,19,18.6477069854736
811,4750,-3000,5000,-2750,12,19,3.14470839500427
812,4750,-3250,5000,-3000,13,19,2.03737688064575
813,4750,-3500,5000,-3250,14,19,4.20760011672974
814,4750,-3750,5000,-3500,15,19,2.47538757324219
815,4750,-4000,5000,-3750,16,19,2.83790349960327
816,4750,-4250,5000,-4000,17,19,0.427177757024765
817,4750,-4500,5000,-4250,18,19,1.82125437259674
818,4750,-4750,5000,-4500,19,19,0.628375589847565
819,4750,-5000,5000,-4750,20,19,4.48928070068359
820,4750,-5250,5000,-5000,21,19,0.624413549900055
821,4750,-5500,5000,-5250,22,19,37.5995483398438
822,4750,-5750,5000,-5500,23,19,0.31112939119339
823,4750,-6000,5000,-5750,24,19,0.400883883237839
824,4750,-6250,5000,-6000,25,19,1.63190937042236
825,4750,-6500,5000,-6250,26,19,21.863941192627
826,4750,-6750,5000,-6500,27,19,8.34965038299561
827,4750,-7000,5000,-6750,28,19,0.727359771728516
828,4750,-7250,5000,-7000,29,19,1.48702466487885
829,4750,-7500,5000,-7250,30,19,1.50624895095825
830,4750,-7750,5000,-7500,31,19,0.313301384449005
831,4750,-8000,5000,-7750,32,19,1.17994034290314
832,4750,-8250,5000,-8000,33,19,0.884889960289001
833,4750,-8500,5000,-8250,34,19,1.07705211639404
834,4750,-8750,5000,-8500,35,19,6.0136342048645
835,4750,-9000,5000,-8750,36,19,1.30148839950562
836,4750,-9250,5000,-9000,37,19,10.7298221588135
837,4750,-9500,5000,-9250,38,19,0
838,4750,-9750,5000,-9500,39,19,21.7427444458008
839,4750,-10000,5000,-9750,40,19,0.123555958271027
840,4750,-10250,5000,-10000,41,19,
841,5000,0,5250,250,0,20,
842,5000,-250,5250,0,1,20,2.87519335746765
843,5000,-500,5250,-250,2,20,1.21537458896637
844,5000,-750,5250,-500,3,20,1.78181076049805
845,5000,-1000,5250,-750,4,20,1.3334686756134
846,5000,-1250,5250,-1000,5,20,4.50212574005127
847,5000,-1500,5250,-1250,6,20,3.30809617042542
848,5000,-1750,5250,-1500,7,20,17.6678237915039
849,5000,-2000,5250,-1750,8,20,2.65661835670471
850,5000,-2250,5250,-2000,9,20,1.94908571243286
851,5000,-2500,5250,-2250,10,20,0.5926513671875
852,5000,-2750,5250,-2500,11,20,0.647226214408875
853,5000,-3000,5250,-2750,12,20,6.13327217102051
854,5000,-3250,5250,-3000,13,20,1.28432047367096
855,5000,-3500,5250,-3250,14,20,3.34450936317444
856,5000,-3750,5250,-3500,15,20,2.9243335723877
857,5000,-4000,5250,-3750,16,20,0.541343748569489
858,5000,-4250,5250,-4000,17,20,1.57989406585693
859,5000,-4500,5250,-4250,18,20,7.22563552856445
860,5000,-4750,5250,-4500,19,20,1.93615281581879
861,5000,-5000,5250,-4750,20,20,1.98704254627228
862,5000,-5250,5250,-5000,21,20,1.44513010978699
863,5000,-5500,5250,-5250,22,20,10.3677358627319
864,5000,-5750,5250,-5500,23,20,1.15722262859344
865,5000,-6000,5250,-5750,24,20,1.65301930904388
866,5000,-6250,5250,-6000,25,20,1.32244455814362
867,5000,-6500,5250,-6250,26,20,0.336883634328842
868,5000,-6750,5250,-6500,27,20,0.462632089853287
869,5000,-7000,5250,-6750,28,20,10.1076135635376
870,5000,-7250,5250,-7000,29,20,13.5344438552856
871,5000,-7500,5250,-7250,30,20,3.65689921379089
872,5000,-7750,5250,-7500,31,20,0.866687893867493
873,5000,-8000,5250,-7750,32,20,2.46983528137207
874,5000,-8250,5250,-8000,33,20,14.5439386367798
875,5000,-8500,5250,-8250,34,20,1.81160402297974
876,5000,-8750,5250,-8500,35,20,0.65850031375885
877,5000,-9000,5250,-8750,36,20,0.487688183784485
878,5000,-9250,5250,-9000,37,20,5.00746202468872
879,5000,-9500,5250,-9250,38,20,1.58998203277588
880,5000,-9750,5250,-9500,39,20,0.760077238082886
881,5000,-10000,5250,-9750,40,20,7.28380489349365
882,5000,-10250,5250,-10000,41,20,
883,5250,0,5500,250,0,21,
884,5250,-250,5500,0,1,21,0.708401739597321
885,5250,-500,5500,-250,2,21,1.26120603084564
886,5250,-750,5500,-500,3,21,0.786300659179688
887,5250,-1000,5500,-750,4,21,9.24302768707275
888,5250,-1250,5500,-1000,5,21,5.99508905410767
889,5250,-1500,5500,-1250,6,21,2.86553645133972
890,5250,-1750,5500,-1500,7,21,1.75861883163452
891,5250,-2000,5500,-1750,8,21,5.21165370941162
892,5250,-2250,5500,-2000,9,21,3.32135367393494
893,5250,-2500,5500,-2250,10,21,0.908988893032074
894,5250,-2750,5500,-2500,11,21,1.29456532001495
895,5250,-3000,5500,-2750,12,21,0.481764942407608
896,5250,-3250,5500,-3000,13,21,0.790928900241852
897,5250,-3500,5500,-3250,14,21,1.02502369880676
898,5250,-3750,5500,-3500,15,21,0.298865884542465
899,5250,-4000,5500,-3750,16,21,0.918619930744171
900,5250,-4250,5500,-4000,17,21,2.01079177856445
901,5250,-4500,5500,-4250,18,21,15.4025630950928
902,5250,-4750,5500,-4500,19,21,0.593461871147156
903,5250,-5000,5500,-4750,20,21,1.47829258441925
904,5250,-5250,5500,-5000,21,21,1.01949310302734
905,5250,-5500,5500,-5250,22,21,0.159720987081528
906,5250,-5750,5500,-5500,23,21,9.32543182373047
907,5250,-6000,5500,-5750,24,21,1.63194179534912
908,5250,-6250,5500,-6000,25,21,0.690217435359955
909,5250,-6500,5500,-6250,26,21,12.2088747024536
910,5250,-6750,5500,-6500,27,21,2.39989757537842
911,5250,-7000,5500,-6750,28,21,2.2985258102417
912,5250,-7250,5500,-7000,29,21,1.28124284744263
913,5250,-7500,5500,-7250,30,21,2.15478730201721
914,5250,-7750,5500,-7500,31,21,1.17671883106232
915,5250,-8000,5500,-7750,32,21,0.387771904468536
916,5250,-8250,5500,-8000,33,21,8.90532875061035
917,5250,-8500,5500,-8250,34,21,0.870719492435455
918,5250,-8750,5500,-8500,35,21,3.72959613800049
919,5250,-9000,5500,-8750,36,21,1.99250948429108
920,5250,-9250,5500,-9000,37,21,18.9535140991211
921,5250,-9500,5500,-9250,38,21,17.6216411590576
922,5250,-9750,5500,-9500,39,21,1.50539553165436
923,5250,-10000,5500,-9750,40,21,11.8900766372681
924,5250,-10250,5500,-10000,41,21,
925,5500,0,5750,250,0,22,
926,5500,-250,5750,0,1,22,1.49909436702728
927,5500,-500,5750,-250,2,22,3.19845342636108
928,5500,-750,5750,-500,3,22,2.91348099708557
929,5500,-1000,5750,-750,4,22,0.919915497303009
930,5500,-1250,5750,-1000,5,22,2.3054518699646
931,5500,-1500,5750,-1250,6,22,0.597848773002625
932,5500,-1750,5750,-1500,7,22,1.30013573169708
933,5500,-2000,5750,-1750,8,22,3.1741886138916
934,5500,-2250,5750,-2000,9,22,12.2553930282593
935,5500,-2500,5750,-2250,10,22,1.26822936534882
936,5500,-2750,5750,-2500,11,22,0.827859282493591
937,5500,-3000,5750,-2750,12,22,0.492388039827347
938,5500,-3250,5750,-3000,13,22,1.28863346576691
939,5500,-3500,5750,-3250,14,22,4.60786390304565
940,5500,-3750,5750,-3500,15,22,0.790771186351776
941,5500,-4000,5750,-3750,16,22,5.69473361968994
942,5500,-4250,5750,-4000,17,22,1.42596280574799
943,5500,-4500,5750,-4250,18,22,4.35347509384155
944,5500,-4750,5750,-4500,19,22,0.806001842021942
945,5500,-5000,5750,-4750,20,22,0.689065873622894
946,5500,-5250,5750,-5000,21,22,7.01751041412354
947,5500,-5500,5750,-5250,22,22,0.827299773693085
948,5500,-5750,5750,-5500,23,22,1.02536869049072
949,5500,-6000,5750,-5750,24,22,0.881623387336731
950,5500,-6250,5750,-6000,25,22,0.526890933513641
951,5500,-6500,5750,-6250,26,22,2.33755016326904
952,5500,-6750,5750,-6500,27,22,0.636091828346252
953,5500,-7000,5750,-6750,28,22,1.2993950843811
954,5500,-7250,5750,-7000,29,22,1.71036779880524
955,5500,-7500,5750,-7250,30,22,0.611628532409668
956,5500,-7750,5750,-7500,31,22,1.09091854095459
957,5500,-8000,5750,-7750,32,22,1.01377081871033
958,5500,-8250,5750,-8000,33,22,3.43297219276428
959,5500,-8500,5750,-8250,34,22,0
960,5500,-8750,5750,-8500,35,22,3.74592685699463
961,5500,-9000,5750,-8750,36,22,1.40294921398163
962,5500,-9250,5750,-9000,37,22,3.5297520160675
963,5500,-9500,5750,-9250,38,22,5.86479902267456
964,5500,-9750,5750,-9500,39,22,9.72032642364502
965,5500,-10000,5750,-9750,40,22,1.72632050514221
966,5500,-10250,5750,-10000,41,22,
967,5750,0,6000,250,0,23,
968,5750,-250,6000,0,1,23,
969,5750,-500,6000,-250,2,23,
970,5750,-750,6000,-500,3,23,
971,5750,-1000,6000,-750,4,23,4.58683776855469
972,5750,-1250,6000,-1000,5,23,3.03185200691223
973,5750,-1500,6000,-1250,6,23,1.24263334274292
974,5750,-1750,6000,-1500,7,23,0.578312933444977
975,5750,-2000,6000,-1750,8,23,0.930979669094086
976,5750,-2250,6000,-2000,9,23,0.341470837593079
977,5750,-2500,6000,-2250,10,23,0.412335216999054
978,5750,-2750,6000,-2500,11,23,0.84450089931488
979,5750,-3000,6000,-2750,12,23,1.57389783859253
980,5750,-3250,6000,-3000,13,23,2.17779684066772
981,5750,-3500,6000,-3250,14,23,2.44933319091797
982,5750,-3750,6000,-3500,15,23,0.77737820148468
983,5750,-4000,6000,-3750,16,23,0.927570581436157
984,5750,-4250,6000,-4000,17,23,1.68411839008331
985,5750,-4500,6000,-4250,18,23,13.8858032226562
986,5750,-4750,6000,-4500,19,23,2.94034695625305
987,5750,-5000,6000,-4750,20,23,2.1052577495575
988,5750,-5250,6000,-5000,21,23,5.09351253509521
989,5750,-5500,6000,-5250,22,23,6.40607929229736
990,5750,-5750,6000,-5500,23,23,1.36520862579346
991,5750,-6000,6000,-5750,24,23,2.56476306915283
992,5750,-6250,6000,-6000,25,23,0.637954413890839
993,5750,-6500,6000,-6250,26,23,1.47583472728729
994,5750,-6750,6000,-6500,27,23,1.35883247852325
995,5750,-7000,6000,-6750,28,23,1.24862372875214
996,5750,-7250,6000,-7000,29,23,1.42119765281677
997,5750,-7500,6000,-7250,30,23,3.26888728141785
998,5750,-7750,6000,-7500,31,23,0.496447265148163
999,5750,-8000,6000,-7750,32,23,0.181223481893539
1000,5750,-8250,6000,-8000,33,23,3.49479055404663
1001,5750,-8500,6000,-8250,34,23,1.75383961200714
1002,5750,-8750,6000,-8500,35,23,7.97094488143921
1003,5750,-9000,6000,-8750,36,23,1.68927872180939
1004,5750,-9250,6000,-9000,37,23,18.8098030090332
1005,5750,-9500,6000,-9250,38,23,6.70348501205444
1006,5750,-9750,6000,-9500,39,23,15.6854076385498
1007,5750,-10000,6000,-9750,40,23,29.0767059326172
1008,5750,-10250,6000,-10000,41,23,
1009,6000,0,6250,250,0,24,
1010,6000,-250,6250,0,1,24,
1011,6000,-500,6250,-250,2,24,
1012,6000,-750,6250,-500,3,24,
1013,6000,-1000,6250,-750,4,24,8.84724998474121
1014,6000,-1250,6250,-1000,5,24,5.25128269195557
1015,6000,-1500,6250,-1250,6,24,1.02405047416687
1016,6000,-1750,6250,-1500,7,24,1.06303644180298
1017,6000,-2000,6250,-1750,8,24,1.74549150466919
1018,6000,-2250,6250,-2000,9,24,1.15673208236694
1019,6000,-2500,6250,-2250,10,24,0.425659209489822
1020,6000,-2750,6250,-2500,11,24,0.729278564453125
1021,6000,-3000,6250,-2750,12,24,3.13419461250305
1022,6000,-3250,6250,-3000,13,24,1.35411894321442
1023,6000,-3500,6250,-3250,14,24,0.478097140789032
1024,6000,-3750,6250,-3500,15,24,9.95919227600098
1025,6000,-4000,6250,-3750,16,24,0.610536396503448
1026,6000,-4250,6250,-4000,17,24,3.55560398101807
1027,6000,-4500,6250,-4250,18,24,1.60273325443268
1028,6000,-4750,6250,-4500,19,24,4.96544313430786
1029,6000,-5000,6250,-4750,20,24,3.85733699798584
1030,6000,-5250,6250,-5000,21,24,3.60890913009644
1031,6000,-5500,6250,-5250,22,24,6.49708271026611
1032,6000,-5750,6250,-5500,23,24,1.54660665988922
1033,6000,-6000,6250,-5750,24,24,2.41870903968811
1034,6000,-6250,6250,-6000,25,24,2.40879154205322
1035,6000,-6500,6250,-6250,26,24,5.30759572982788
1036,6000,-6750,6250,-6500,27,24,0.262487173080444
1037,6000,-7000,6250,-6750,28,24,0.392829954624176
1038,6000,-7250,6250,-7000,29,24,0.909625828266144
1039,6000,-7500,6250,-7250,30,24,0.199350610375404
1040,6000,-7750,6250,-7500,31,24,1.19003129005432
1041,6000,-8000,6250,-7750,32,24,12.4762830734253
1042,6000,-8250,6250,-8000,33,24,1.54620409011841
1043,6000,-8500,6250,-8250,34,24,1.01468682289124
1044,6000,-8750,6250,-8500,35,24,2.43732833862305
1045,6000,-9000,6250,-8750,36,24,0.887861430644989
1046,6000,-9250,6250,-9000,37,24,2.36110854148865
1047,6000,-9500,6250,-9250,38,24,1.80746066570282
1048,6000,-9750,6250,-9500,39,24,8.3207483291626
1049,6000,-10000,6250,-9750,40,24,5.21288728713989
1050,6000,-10250,6250,-10000,41,24,
1051,6250,0,6500,250,0,25,
1052,6250,-250,6500,0,1,25,
1053,6250,-500,6500,-250,2,25,
1054,6250,-750,6500,-500,3,25,
1055,6250,-1000,6500,-750,4,25,0.726340770721436
1056,6250,-1250,6500,-1000,5,25,1.09236109256744
1057,6250,-1500,6500,-1250,6,25,1.24770474433899
1058,6250,-1750,6500,-1500,7,25,0.225420027971268
1059,6250,-2000,6500,-1750,8,25,9.10500431060791
1060,6250,-2250,6500,-2000,9,25,2.00280976295471
1061,6250,-2500,6500,-2250,10,25,2.44732475280762
1062,6250,-2750,6500,-2500,11,25,0.629067242145538
1063,6250,-3000,6500,-2750,12,25,0.187900051474571
1064,6250,-3250,6500,-3000,13,25,1.22144365310669
1065,6250,-3500,6500,-3250,14,25,3.78134489059448
1066,6250,-3750,6500,-3500,15,25,2.58858847618103
1067,6250,-4000,6500,-3750,16,25,2.18020391464233
1068,6250,-4250,6500,-4000,17,25,1.47003281116486
1069,6250,-4500,6500,-4250,18,25,8.40574264526367
1070,6250,-4750,6500,-4500,19,25,9.67945194244385
1071,6250,-5000,6500,-4750,20,25,1.03246510028839
1072,6250,-5250,6500,-5000,21,25,3.46798968315125
1073,6250,-5500,6500,-5250,22,25,0.774232447147369
1074,6250,-5750,6500,-5500,23,25,0.530573904514313
1075,6250,-6000,6500,-5750,24,25,1.0964891910553
1076,6250,-6250,6500,-6000,25,25,1.00804090499878
1077,6250,-6500,6500,-6250,26,25,0.214193731546402
1078,6250,-6750,6500,-6500,27,25,2.08265805244446
1079,6250,-7000,6500,-6750,28,25,0.827840626239777
1080,6250,-7250,6500,-7000,29,25,1.16088652610779
1081,6250,-7500,6500,-7250,30,25,0.224426075816154
1082,6250,-7750,6500,-7500,31,25,1.10834121704102
1083,6250,-8000,6500,-7750,32,25,1.00606286525726
1084,6250,-8250,6500,-8000,33,25,3.25061988830566
1085,6250,-8500,6500,-8250,34,25,3.96477079391479
1086,6250,-8750,6500,-8500,35,25,5.41304445266724
1087,6250,-9000,6500,-8750,36,25,0
1088,6250,-9250,6500,-9000,37,25,3.41630601882935
1089,6250,-9500,6500,-9250,38,25,1.24743163585663
1090,6250,-9750,6500,-9500,39,25,0.580860733985901
1091,6250,-10000,6500,-9750,40,25,0.266055554151535
1092,6250,-10250,6500,-10000,41,25,
1093,6500,0,6750,250,0,26,
1094,6500,-250,6750,0,1,26,
1095,6500,-500,6750,-250,2,26,
1096,6500,-750,6750,-500,3,26,
1097,6500,-1000,6750,-750,4,26,0.346730530261993
1098,6500,-1250,6750,-1000,5,26,1.1168692111969
1099,6500,-1500,6750,-1250,6,26,0.050932914018631
1100,6500,-1750,6750,-1500,7,26,11.8119926452637
1101,6500,-2000,6750,-1750,8,26,0.210567906498909
1102,6500,-2250,6750,-2000,9,26,0.942123115062714
1103,6500,-2500,6750,-2250,10,26,0.17239698767662
1104,6500,-2750,6750,-2500,11,26,12.4710788726807
1105,6500,-3000,6750,-2750,12,26,5.30775213241577
1106,6500,-3250,6750,-3000,13,26,1.48832869529724
1107,6500,-3500,6750,-3250,14,26,1.74278390407562
1108,6500,-3750,6750,-3500,15,26,0.859961271286011
1109,6500,-4000,6750,-3750,16,26,4.22016143798828
1110,6500,-4250,6750,-4000,17,26,0.239083901047707
1111,6500,-4500,6750,-4250,18,26,1.06669759750366
1112,6500,-4750,6750,-4500,19,26,3.50419735908508
1113,6500,-5000,6750,-4750,20,26,16.1392917633057
1114,6500,-5250,6750,-5000,21,26,5.98776817321777
1115,6500,-5500,6750,-5250,22,26,7.34621477127075
1116,6500,-5750,6750,-5500,23,26,0.664050042629242
1117,6500,-6000,6750,-5750,24,26,2.28956842422485
1118,6500,-6250,6750,-6000,25,26,1.98029553890228
1119,6500,-6500,6750,-6250,26,26,2.22101759910583
1120,6500,-6750,6750,-6500,27,26,0.618793547153473
1121,6500,-7000,6750,-6750,28,26,0.828789174556732
1122,6500,-7250,6750,-7000,29,26,1.34257686138153
1123,6500,-7500,6750,-7250,30,26,1.59441041946411
1124,6500,-7750,6750,-7500,31,26,0.530527114868164
1125,6500,-8000,6750,-7750,32,26,1.90972280502319
1126,6500,-8250,6750,-8000,33,26,0.137241125106812
1127,6500,-8500,6750,-8250,34,26,4.28769683837891
1128,6500,-8750,6750,-8500,35,26,1.44048237800598
1129,6500,-9000,6750,-8750,36,26,2.10188436508179
1130,6500,-9250,6750,-9000,37,26,1.78955256938934
1131,6500,-9500,6750,-9250,38,26,1.55796301364899
1132,6500,-9750,6750,-9500,39,26,1.9025651216507
1133,6500,-10000,6750,-9750,40,26,4.95574855804443
1134,6500,-10250,6750,-10000,41,26,
1135,6750,0,7000,250,0,27,
1136,6750,-250,7000,0,1,27,
1137,6750,-500,7000,-250,2,27,
1138,6750,-750,7000,-500,3,27,
1139,6750,-1000,7000,-750,4,27,0.301345825195312
1140,6750,-1250,7000,-1000,5,27,2.31146907806396
1141,6750,-1500,7000,-1250,6,27,0.369983226060867
1142,6750,-1750,7000,-1500,7,27,1.20955336093903
1143,6750,-2000,7000,-1750,8,27,2.10256242752075
1144,6750,-2250,7000,-2000,9,27,0.614391088485718
1145,6750,-2500,7000,-2250,10,27,2.82231593132019
1146,6750,-2750,7000,-2500,11,27,1.39711475372314
1147,6750,-3000,7000,-2750,12,27,1.2153308391571
1148,6750,-3250,7000,-3000,13,27,0.307201117277145
1149,6750,-3500,7000,-3250,14,27,3.89400196075439
1150,6750,-3750,7000,-3500,15,27,1.8215616941452
1151,6750,-4000,7000,-3750,16,27,0.620258986949921
1152,6750,-4250,7000,-4000,17,27,1.08701455593109
1153,6750,-4500,7000,-4250,18,27,1.18328070640564
1154,6750,-4750,7000,-4500,19,27,1.49976396560669
1155,6750,-5000,7000,-4750,20,27,5.45356845855713
1156,6750,-5250,7000,-5000,21,27,6.5095386505127
1157,6750,-5500,7000,-5250,22,27,8.5919132232666
1158,6750,-5750,7000,-5500,23,27,0.681747078895569
1159,6750,-6000,7000,-5750,24,27,3.72216320037842
1160,6750,-6250,7000,-6000,25,27,0.759505450725555
1161,6750,-6500,7000,-6250,26,27,2.77934432029724
1162,6750,-6750,7000,-6500,27,27,1.33566033840179
1163,6750,-7000,7000,-6750,28,27,11.881272315979
1164,6750,-7250,7000,-7000,29,27,0.896197855472565
1165,6750,-7500,7000,-7250,30,27,0.856154978275299
1166,6750,-7750,7000,-7500,31,27,0.428039908409119
1167,6750,-8000,7000,-7750,32,27,1.82887959480286
1168,6750,-8250,7000,-8000,33,27,1.50388705730438
1169,6750,-8500,7000,-8250,34,27,10.2082509994507
1170,6750,-8750,7000,-8500,35,27,0
1171,6750,-9000,7000,-8750,36,27,1.4196549654007
1172,6750,-9250,7000,-9000,37,27,2.08768200874329
1173,6750,-9500,7000,-9250,38,27,1.41911125183105
1174,6750,-9750,7000,-9500,39,27,2.49286293983459
1175,6750,-10000,7000,-9750,40,27,0.184272199869156
1176,6750,-10250,7000,-10000,41,27,
1177,7000,0,7250,250,0,28,
1178,7000,-250,7250,0,1,28,
1179,7000,-500,7250,-250,2,28,
1180,7000,-750,7250,-500,3,28,
1181,7000,-1000,7250,-750,4,28,9.6754846572876
1182,7000,-1250,7250,-1000,5,28,4.02453994750977
1183,7000,-1500,7250,-1250,6,28,2.04550743103027
1184,7000,-1750,7250,-1500,7,28,0
1185,7000,-2000,7250,-1750,8,28,11.8642721176147
1186,7000,-2250,7250,-2000,9,28,0.572937190532684
1187,7000,-2500,7250,-2250,10,28,4.20347213745117
1188,7000,-2750,7250,-2500,11,28,1.30561053752899
1189,7000,-3000,7250,-2750,12,28,1.13919985294342
1190,7000,-3250,7250,-3000,13,28,2.52212953567505
1191,7000,-3500,7250,-3250,14,28,0.766731798648834
1192,7000,-3750,7250,-3500,15,28,2.31962037086487
1193,7000,-4000,7250,-3750,16,28,0
1194,7000,-4250,7250,-4000,17,28,3.49156141281128
1195,7000,-4500,7250,-4250,18,28,4.95085477828979
1196,7000,-4750,7250,-4500,19,28,1.76491963863373
1197,7000,-5000,7250,-4750,20,28,0.819853365421295
1198,7000,-5250,7250,-5000,21,28,0.783900916576385
1199,7000,-5500,7250,-5250,22,28,3.8841381072998
1200,7000,-5750,7250,-5500,23,28,0.381327927112579
1201,7000,-6000,7250,-5750,24,28,1.52925062179565
1202,7000,-6250,7250,-6000,25,28,0.832270622253418
1203,7000,-6500,7250,-6250,26,28,13.3149852752686
1204,7000,-6750,7250,-6500,27,28,1.64980137348175
1205,7000,-7000,7250,-6750,28,28,3.54457926750183
1206,7000,-7250,7250,-7000,29,28,1.65866851806641
1207,7000,-7500,7250,-7250,30,28,3.1912567615509
1208,7000,-7750,7250,-7500,31,28,0
1209,7000,-8000,7250,-7750,32,28,1.26663172245026
1210,7000,-8250,7250,-8000,33,28,1.00095117092133
1211,7000,-8500,7250,-8250,34,28,2.42662739753723
1212,7000,-8750,7250,-8500,35,28,0
1213,7000,-9000,7250,-8750,36,28,1.23270988464355
1214,7000,-9250,7250,-9000,37,28,2.07028603553772
1215,7000,-9500,7250,-9250,38,28,3.35140061378479
1216,7000,-9750,7250,-9500,39,28,2.68061876296997
1217,7000,-10000,7250,-9750,40,28,1.41889703273773
1218,7000,-10250,7250,-10000,41,28,
1219,7250,0,7500,250,0,29,
1220,7250,-250,7500,0,1,29,
1221,7250,-500,7500,-250,2,29,
1222,7250,-750,7500,-500,3,29,
1223,7250,-1000,7500,-750,4,29,
1224,7250,-1250,7500,-1000,5,29,
1225,7250,-1500,7500,-1250,6,29,
1226,7250,-1750,7500,-1500,7,29,
1227,7250,-2000,7500,-1750,8,29,
1228,7250,-2250,7500,-2000,9,29,
1229,7250,-2500,7500,-2250,10,29,
1230,7250,-2750,7500,-2500,11,29,
1231,7250,-3000,7500,-2750,12,29,
1232,7250,-3250,7500,-3000,13,29,
1233,7250,-3500,7500,-3250,14,29,
1234,7250,-3750,7500,-3500,15,29,
1235,7250,-4000,7500,-3750,16,29,
1236,7250,-4250,7500,-4000,17,29,
1237,7250,-4500,7500,-4250,18,29,1.04457879066467
1238,7250,-4750,7500,-4500,19,29,1.1989780664444
1239,7250,-5000,7500,-4750,20,29,2.67785215377808
1240,7250,-5250,7500,-5000,21,29,3.66095733642578
1241,7250,-5500,7500,-5250,22,29,
1242,7250,-5750,7500,-5500,23,29,
1243,7250,-6000,7500,-5750,24,29,
1244,7250,-6250,7500,-6000,25,29,
1245,7250,-6500,7500,-6250,26,29,1.93744194507599
1246,7250,-6750,7500,-6500,27,29,0.395552635192871
1247,7250,-7000,7500,-6750,28,29,2.00509548187256
1248,7250,-7250,7500,-7000,29,29,0.992988705635071
1249,7250,-7500,7500,-7250,30,29,0
1250,7250,-7750,7500,-7500,31,29,0
1251,7250,-8000,7500,-7750,32,29,3.36584305763245
1252,7250,-8250,7500,-8000,33,29,10.3352041244507
1253,7250,-8500,7500,-8250,34,29,38.9439163208008
1254,7250,-8750,7500,-8500,35,29,1.1420624256134
1255,7250,-9000,7500,-8750,36,29,2.1196928024292
1256,7250,-9250,7500,-9000,37,29,0.596283376216888
1257,7250,-9500,7500,-9250,38,29,1.23659873008728
1258,7250,-9750,7500,-9500,39,29,3.04976201057434
1259,7250,-10000,7500,-9750,40,29,
1260,7250,-10250,7500,-10000,41,29,
1261,7500,0,7750,250,0,30,
1262,7500,-250,7750,0,1,30,
1263,7500,-500,7750,-250,2,30,
1264,7500,-750,7750,-500,3,30,
1265,7500,-1000,7750,-750,4,30,
1266,7500,-1250,7750,-1000,5,30,
1267,7500,-1500,7750,-1250,6,30,
1268,7500,-1750,7750,-1500,7,30,
1269,7500,-2000,7750,-1750,8,30,
1270,7500,-2250,7750,-2000,9,30,
1271,7500,-2500,7750,-2250,10,30,
1272,7500,-2750,7750,-2500,11,30,
1273,7500,-3000,7750,-2750,12,30,
1274,7500,-3250,7750,-3000,13,30,
1275,7500,-3500,7750,-3250,14,30,
1276,7500,-3750,7750,-3500,15,30,
1277,7500,-4000,7750,-3750,16,30,
1278,7500,-4250,7750,-4000,17,30,
1279,7500,-4500,7750,-4250,18,30,0.385389059782028
1280,7500,-4750,7750,-4500,19,30,0
1281,7500,-5000,7750,-4750,20,30,1.56183552742004
1282,7500,-5250,7750,-5000,21,30,1.51189935207367
1283,7500,-5500,7750,-5250,22,30,
1284,7500,-5750,7750,-5500,23,30,
1285,7500,-6000,7750,-5750,24,30,
1286,7500,-6250,7750,-6000,25,30,
1287,7500,-6500,7750,-6250,26,30,1.03290903568268
1288,7500,-6750,7750,-6500,27,30,1.52395033836365
1289,7500,-7000,7750,-6750,28,30,0
1290,7500,-7250,7750,-7000,29,30,1.0168524980545
1291,7500,-7500,7750,-7250,30,30,11.9505777359009
1292,7500,-7750,7750,-7500,31,30,2.26379466056824
1293,7500,-8000,7750,-7750,32,30,2.90834999084473
1294,7500,-8250,7750,-8000,33,30,0.0662712752819061
1295,7500,-8500,7750,-8250,34,30,3.76135802268982
1296,7500,-8750,7750,-8500,35,30,3.4326696395874
1297,7500,-9000,7750,-8750,36,30,1.32270359992981
1298,7500,-9250,7750,-9000,37,30,1.31444275379181
1299,7500,-9500,7750,-9250,38,30,1.30377805233002
1300,7500,-9750,7750,-9500,39,30,16.5347099304199
1301,7500,-10000,7750,-9750,40,30,
1302,7500,-10250,7750,-10000,41,30,
1303,7750,0,8000,250,0,31,
1304,7750,-250,8000,0,1,31,
1305,7750,-500,8000,-250,2,31,
1306,7750,-750,8000,-500,3,31,
1307,7750,-1000,8000,-750,4,31,
1308,7750,-1250,8000,-1000,5,31,
1309,7750,-1500,8000,-1250,6,31,
1310,7750,-1750,8000,-1500,7,31,
1311,7750,-2000,8000,-1750,8,31,
1312,7750,-2250,8000,-2000,9,31,
1313,7750,-2500,8000,-2250,10,31,
1314,7750,-2750,8000,-2500,11,31,
1315,7750,-3000,8000,-2750,12,31,
1316,7750,-3250,8000,-3000,13,31,
1317,7750,-3500,8000,-3250,14,31,
1318,7750,-3750,8000,-3500,15,31,
1319,7750,-4000,8000,-3750,16,31,
1320,7750,-4250,8000,-4000,17,31,
1321,7750,-4500,8000,-4250,18,31,0.765863955020905
1322,7750,-4750,8000,-4500,19,31,0.930924117565155
1323,7750,-5000,8000,-4750,20,31,1.4953840970993
1324,7750,-5250,8000,-5000,21,31,0.527316808700562
1325,7750,-5500,8000,-5250,22,31,
1326,7750,-5750,8000,-5500,23,31,
1327,7750,-6000,8000,-5750,24,31,
1328,7750,-6250,8000,-6000,25,31,
1329,7750,-6500,8000,-6250,26,31,0.524083256721497
1330,7750,-6750,8000,-6500,27,31,0.715782046318054
1331,7750,-7000,8000,-6750,28,31,1.64446640014648
1332,7750,-7250,8000,-7000,29,31,0.0566756390035152
1333,7750,-7500,8000,-7250,30,31,
1334,7750,-7750,8000,-7500,31,31,
1335,7750,-8000,8000,-7750,32,31,
1336,7750,-8250,8000,-8000,33,31,1.95008051395416
1337,7750,-8500,8000,-8250,34,31,0.879168331623077
1338,7750,-8750,8000,-8500,35,31,2.94911599159241
1339,7750,-9000,8000,-8750,36,31,1.15025925636292
1340,7750,-9250,8000,-9000,37,31,2.18369150161743
1341,7750,-9500,8000,-9250,38,31,1.05011320114136
1342,7750,-9750,8000,-9500,39,31,0.642296135425568
1343,7750,-10000,8000,-9750,40,31,
1344,7750,-10250,8000,-10000,41,31,
1345,8000,0,8250,250,0,32,
1346,8000,-250,8250,0,1,32,
1347,8000,-500,8250,-250,2,32,
1348,8000,-750,8250,-500,3,32,
1349,8000,-1000,8250,-750,4,32,
1350,8000,-1250,8250,-1000,5,32,
1351,8000,-1500,8250,-1250,6,32,
1352,8000,-1750,8250,-1500,7,32,
1353,8000,-2000,8250,-1750,8,32,
1354,8000,-2250,8250,-2000,9,32,
1355,8000,-2500,8250,-2250,10,32,
1356,8000,-2750,8250,-2500,11,32,
1357,8000,-3000,8250,-2750,12,32,
1358,8000,-3250,8250,-3000,13,32,
1359,8000,-3500,8250,-3250,14,32,
1360,8000,-3750,8250,-3500,15,32,
1361,8000,-4000,8250,-3750,16,32,
1362,8000,-4250,8250,-4000,17,32,
1363,8000,-4500,8250,-4250,18,32,
1364,8000,-4750,8250,-4500,19,32,
1365,8000,-5000,8250,-4750,20,32,
1366,8000,-5250,8250,-5000,21,32,
1367,8000,-5500,8250,-5250,22,32,
1368,8000,-5750,8250,-5500,23,32,
1369,8000,-6000,8250,-5750,24,32,
1370,8000,-6250,8250,-6000,25,32,
1371,8000,-6500,8250,-6250,26,32,
1372,8000,-6750,8250,-6500,27,32,
1373,8000,-7000,8250,-6750,28,32,
1374,8000,-7250,8250,-7000,29,32,
1375,8000,-7500,8250,-7250,30,32,
1376,8000,-7750,8250,-7500,31,32,
1377,8000,-8000,8250,-7750,32,32,
1378,8000,-8250,8250,-8000,33,32,2.29698038101196
1379,8000,-8500,8250,-8250,34,32,1.13504326343536
1380,8000,-8750,8250,-8500,35,32,2.1935715675354
1381,8000,-9000,8250,-8750,36,32,2.25227046012878
1382,8000,-9250,8250,-9000,37,32,2.57493662834167
1383,8000,-9500,8250,-9250,38,32,0.699498534202576
1384,8000,-9750,8250,-9500,39,32,14.9642734527588
1385,8000,-10000,8250,-9750,40,32,
1386,8000,-10250,8250,-10000,41,32,
